City,Country,Max Temp,Humidity,Cloudiness,Wind Speed,Latitude,Longitude,Date
ushuaia,AR,47.86,66,75,25.32,-54.8,-68.3,1643564796
puerto ayora,EC,82.36,71,100,8.81,-0.7393,-90.3518,1643564797
bluff,NZ,58.8,92,87,3.58,-46.6,168.3333,1643564798
ahuimanu,US,73.45,71,75,1.01,21.4447,-157.8378,1643564800
ahipara,NZ,60.84,91,100,7.87,-35.1667,173.1667,1643564801
hermanus,ZA,73.8,71,40,17.34,-34.4187,19.2345,1643564784
souillac,MU,80.98,78,75,14.97,-20.5167,57.5167,1643564804
hilo,US,66.79,73,40,3.44,19.7297,-155.09,1643564667
namibe,AO,73.35,73,98,8.14,-15.1961,12.1522,1643564806
carnarvon,AU,80.67,74,13,14.97,-24.8667,113.6333,1643564807
punta arenas,CL,51.91,46,75,28.77,-53.15,-70.9167,1643564782
kirakira,SB,80.46,83,100,4.27,-10.4544,161.9205,1643564810
husavik,IS,28.31,70,74,27.49,66.0449,-17.3389,1643564811
kapaa,US,71.92,74,20,1.01,22.0752,-159.319,1643564812
lompoc,US,70.12,52,0,8.99,34.6391,-120.4579,1643564814
bredasdorp,ZA,73.27,73,20,16.11,-34.5322,20.0403,1643564815
albany,US,21.15,36,42,8.99,42.6001,-73.9662,1643564412
vaini,TO,80.47,76,100,11.72,-21.2,-175.2,1643564818
saskylakh,RU,-19.21,100,100,2.86,71.9167,114.0833,1643564820
faya,SA,55.92,80,10,5.5,18.3851,42.4509,1643564821
yumen,CN,16.0,44,100,7.76,40.2833,97.2,1643564823
hervey bay,AU,72.03,86,82,8.23,-25.2986,152.8535,1643564825
kudahuvadhoo,MV,82.11,73,79,12.35,2.6708,72.8944,1643564826
kodiak,US,24.31,74,75,10.36,57.79,-152.4072,1643564827
tutoia,BR,89.58,64,99,11.16,-2.7619,-42.2744,1643564631
chicama,PE,68.54,58,99,11.1,-7.8447,-79.1469,1643564830
khatanga,RU,-8.3,98,98,9.75,71.9667,102.5,1643564831
aklavik,CA,1.4,78,75,4.61,68.2191,-135.0107,1643564786
gorin,RU,-13.86,100,97,3.06,51.1983,136.6669,1643564834
guerrero negro,MX,64.42,56,69,11.32,27.9769,-114.0611,1643564628
rikitea,PF,76.17,61,59,4.29,-23.1203,-134.9692,1643564836
cape town,ZA,73.11,70,0,1.99,-33.9258,18.4232,1643564837
san cristobal,VE,68.18,40,88,4.97,7.7669,-72.225,1643564626
lavrentiya,RU,-4.76,88,4,5.12,65.5833,-171.0,1643564766
carutapera,BR,75.81,92,94,6.69,-1.195,-46.02,1643564842
bacuyangan,PH,77.63,81,80,2.33,9.637,122.4721,1643564843
east london,ZA,76.14,83,0,14.97,-33.0153,27.9116,1643564845
anadyr,RU,-17.9,75,75,1.99,64.75,177.4833,1643564675
novosergiyevka,RU,29.62,96,100,14.88,52.0934,53.6528,1643564847
constitucion,CL,70.86,58,2,18.28,-35.3333,-72.4167,1643564849
busselton,AU,64.04,78,3,18.39,-33.65,115.3333,1643564850
sioux lookout,CA,-0.02,78,100,2.3,50.1001,-91.917,1643564851
saldanha,ZA,86.05,87,62,18.03,-33.0117,17.9442,1643564854
salcedo,PH,75.9,89,19,7.52,12.8105,121.4674,1643564855
new norfolk,AU,57.65,76,3,1.99,-42.7826,147.0587,1643564857
boyolangu,ID,75.49,92,100,1.41,-8.1181,111.8935,1643564858
oranjemund,NA,68.02,80,37,3.44,-28.55,16.4333,1643564860
kavieng,PG,80.94,75,88,1.79,-2.5744,150.7967,1643564862
hithadhoo,MV,81.97,69,100,8.43,-0.6,73.0833,1643564864
sechura,PE,80.46,57,90,8.12,-5.5569,-80.8222,1643564865
vila velha,BR,87.75,62,40,13.8,-20.3297,-40.2925,1643564866
jamestown,US,19.71,43,80,5.99,42.097,-79.2353,1643564672
arraial do cabo,BR,87.76,62,40,4.61,-22.9661,-42.0278,1643564587
comodoro rivadavia,AR,62.46,20,40,17.27,-45.8667,-67.5,1643564700
zabid,YE,77.92,61,7,10.63,14.1951,43.3152,1643564871
chuy,UY,79.32,54,98,12.62,-33.6971,-53.4616,1643564872
bengkulu,ID,75.9,93,100,4.97,-3.8004,102.2655,1643564876
mount gambier,AU,62.51,94,100,6.91,-37.8333,140.7667,1643564877
kjollefjord,NO,32.05,64,75,23.02,70.9457,27.3465,1643564878
hatillo,PR,86.07,63,0,1.01,18.4863,-66.8254,1643564786
lagoa,PT,57.78,66,66,22.37,39.05,-27.9833,1643564881
segezha,RU,14.76,95,100,4.85,63.7415,34.3222,1643564883
mount isa,AU,74.97,100,75,8.05,-20.7333,139.5,1643564884
bandarbeyla,SO,76.05,73,56,15.95,9.4942,50.8122,1643564886
karratha,AU,83.5,60,49,22.24,-20.7377,116.8463,1643564887
leningradskiy,RU,-8.9,93,100,0.51,69.3833,178.4167,1643564627
acari,PE,81.63,51,81,12.66,-15.4311,-74.6158,1643564891
moanda,GA,80.83,59,90,2.17,-1.5575,13.2178,1643564892
esperance,AU,69.64,65,60,10.38,-33.8667,121.9,1643564893
avarua,CK,78.85,89,75,12.66,-21.2078,-159.775,1643564895
saint-philippe,RE,80.19,79,60,10.74,-21.3585,55.7679,1643564896
port alfred,ZA,74.97,86,89,21.14,-33.5906,26.891,1643564898
sambava,MG,79.16,86,86,13.69,-14.2667,50.1667,1643564899
manoel urbano,BR,83.88,68,100,3.4,-8.8389,-69.2597,1643564900
hasaki,JP,34.2,49,96,13.98,35.7333,140.8333,1643564902
kahului,US,74.84,75,20,3.44,20.8947,-156.47,1643564903
chokurdakh,RU,-29.83,89,33,1.07,70.6333,147.9167,1643564904
hobart,AU,58.01,90,2,1.99,-42.8794,147.3294,1643564906
atuona,PF,77.22,79,10,13.2,-9.8,-139.0333,1643564900
rabo de peixe,PT,59.27,92,40,19.57,37.8,-25.5833,1643564908
mar del plata,AR,86.02,56,0,23.0,-38.0023,-57.5575,1643564909
alice springs,AU,71.15,100,100,10.36,-23.7,133.8833,1643564911
butaritari,KI,81.75,77,64,21.74,3.0707,172.7902,1643564889
naze,JP,52.81,69,97,18.9,28.3667,129.4833,1643564914
datong,CN,13.35,47,4,12.28,40.0936,113.2914,1643564686
batagay,RU,-34.06,99,41,2.57,67.6333,134.6333,1643564917
broome,US,21.02,64,75,3.0,42.2506,-75.833,1643564919
povoa de lanhoso,PT,57.72,55,2,2.71,41.5787,-8.282,1643564921
cabo san lucas,MX,76.6,69,62,3.0,22.8909,-109.9124,1643564821
brookings,US,16.25,84,40,4.61,44.3114,-96.7984,1643564641
hofn,IS,27.46,49,67,22.66,64.2539,-15.2082,1643564926
lebu,CL,63.14,66,55,16.91,-37.6167,-73.65,1643564760
vestmanna,FO,32.92,93,75,6.91,62.1564,-7.1664,1643564928
mataura,NZ,58.48,99,45,1.9,-46.1927,168.8643,1643564860
kavaratti,IN,81.37,71,42,9.55,10.5669,72.642,1643564931
iqaluit,CA,-9.67,64,75,3.44,63.7506,-68.5145,1643564693
yellowknife,CA,-14.28,76,100,10.36,62.456,-114.3525,1643564934
frontera,MX,60.33,43,1,1.99,26.9333,-101.45,1643564935
opuwo,NA,74.17,36,71,17.16,-18.0607,13.84,1643564936
port blair,IN,73.44,83,20,1.14,11.6667,92.75,1643564938
cloquet,US,20.37,70,76,5.75,46.7216,-92.4594,1643564939
suntar,RU,-17.1,99,55,3.89,62.1444,117.6319,1643564921
kungurtug,RU,-21.68,98,49,1.72,50.5994,97.5228,1643564783
yuanping,CN,20.08,35,0,15.35,38.7153,112.7575,1643564942
anajatuba,BR,82.33,75,73,4.83,-3.2644,-44.6197,1643564944
baykit,RU,-11.31,100,94,1.14,61.67,96.37,1643564945
trat,TH,84.97,93,23,2.08,12.5,102.5,1643564782
chebarkul,RU,2.1,96,87,3.36,54.9749,60.3633,1643564947
chulym,RU,9.66,96,38,8.63,55.0997,80.9572,1643564949
tilichiki,RU,24.22,80,96,17.27,60.4667,166.1,1643564950
heide,DE,41.25,73,27,14.94,54.2,9.1,1643564951
norman wells,CA,-34.56,61,75,0.0,65.282,-126.8329,1643564953
karakol,KG,14.81,67,73,7.52,42.4907,78.3936,1643564954
lucea,JM,73.26,73,88,17.02,18.451,-78.1736,1643564955
morondava,MG,83.39,73,7,16.51,-20.2833,44.2833,1643564957
teknaf,BD,58.48,68,0,9.8,20.8624,92.3058,1643564958
los llanos de aridane,ES,64.15,81,20,3.0,28.6585,-17.9182,1643564959
san juan sacatepequez,GT,64.04,49,0,18.41,14.7189,-90.6442,1643564961
thompson,CA,1.56,78,100,2.3,55.7435,-97.8558,1643564767
dikson,RU,-1.12,92,100,21.39,73.5069,80.5464,1643564963
meadow lake,US,47.68,39,100,2.89,34.8014,-106.5436,1643564965
saint anthony,US,19.94,69,0,1.01,45.0205,-93.218,1643564968
thinadhoo,MV,82.02,73,100,10.71,0.5333,72.9333,1643564969
nanortalik,GL,18.1,67,100,10.74,60.1432,-45.2371,1643564971
axim,GH,82.09,70,69,9.01,4.8699,-2.2405,1643564973
bage,BR,82.18,51,20,9.22,-31.3314,-54.1069,1643564691
port hardy,CA,39.76,100,100,4.61,50.6996,-127.4199,1643564975
pipri,IN,67.15,26,0,4.83,19.8,75.5333,1643564977
ratnagiri,IN,72.73,66,0,7.0,16.9833,73.3,1643564978
hobyo,SO,77.47,74,94,16.93,5.3505,48.5268,1643564980
le havre,FR,47.1,87,100,2.3,49.4938,0.1077,1643564981
la rioja,ES,47.32,54,0,4.61,42.25,-2.5,1643564982
diamantino,BR,75.6,90,100,9.1,-14.4086,-56.4461,1643564984
samarai,PG,80.62,79,100,10.22,-10.6167,150.6667,1643564925
barrow,US,-11.18,77,40,10.36,71.2906,-156.7887,1643564806
emba,KZ,20.82,92,99,11.41,48.8264,58.1442,1643564988
nishihara,JP,58.28,63,75,26.46,26.1842,127.7558,1643564990
upernavik,GL,-3.01,71,100,9.6,72.7868,-56.1549,1643564992
jiwani,PK,72.72,75,0,17.27,25.05,61.7417,1643564994
khorixas,NA,70.12,57,72,19.46,-20.3667,14.9667,1643564996
matara,LK,76.95,91,34,7.27,5.9485,80.5353,1643564997
bethel,US,24.49,49,0,3.0,41.3712,-73.414,1643564811
kruisfontein,ZA,73.89,82,82,14.38,-34.0033,24.7314,1643564999
dingle,PH,75.42,92,78,2.51,10.9995,122.6711,1643565001
westerland,DE,41.18,60,40,24.16,54.9079,8.3033,1643565002
fortuna,US,48.65,97,100,6.91,40.5982,-124.1573,1643565003
yangambi,CD,78.33,34,70,2.04,0.8102,24.4336,1643565005
morki,RU,6.49,100,93,2.59,56.4303,48.9947,1643565006
ambanja,MG,77.0,90,40,1.57,-13.6833,48.45,1643565007
altamont,US,34.79,70,0,0.0,42.2068,-121.7372,1643565009
merauke,ID,77.68,84,100,3.65,-8.4667,140.3333,1643565010
hauterive,FR,44.38,91,38,1.34,46.0901,3.4459,1643565011
longyearbyen,SJ,8.44,66,0,18.41,78.2186,15.6401,1643565014
kaseda,JP,39.85,60,76,19.48,31.4167,130.3167,1643565015
udachnyy,RU,-29.24,100,36,2.66,66.4167,112.4,1643564922
fort nelson,CA,-0.81,78,100,5.75,58.8053,-122.7002,1643565018
chardara,KZ,35.83,58,46,11.27,41.2547,67.9692,1643565019
castro,BR,64.58,98,100,5.5,-24.7911,-50.0119,1643564952
pontes e lacerda,BR,77.86,91,96,6.17,-15.2261,-59.3353,1643564971
sita buzaului,RO,34.92,96,95,15.86,45.65,26.0667,1643565023
elban,RU,-23.35,100,68,2.06,50.1018,136.5094,1643565025
yerbogachen,RU,-9.42,100,98,2.84,61.2767,108.0108,1643564980
arlit,NE,70.86,13,3,22.37,18.7369,7.3853,1643565027
iroquois falls,CA,3.34,83,100,7.81,48.7669,-80.6831,1643565028
hanyang,CN,37.06,79,100,3.89,32.1371,105.5126,1643565030
geraldton,AU,72.01,88,100,17.27,-28.7667,114.6,1643565031
cibitung,ID,72.7,95,100,0.65,-7.119,107.1309,1643565032
barranca,PE,74.03,71,100,10.0,-10.75,-77.7667,1643565034
vardo,NO,26.58,80,75,17.27,70.3705,31.1107,1643565035
akyab,MM,62.98,59,0,13.76,20.15,92.9,1643565036
atar,MR,89.22,8,100,7.96,20.5169,-13.0499,1643565038
tiksi,RU,-17.25,100,82,4.14,71.6872,128.8694,1643565039
bereda,ES,49.75,84,3,3.24,43.2686,-7.5406,1643565040
nemuro,JP,16.38,67,28,14.92,43.3236,145.575,1643565043
mangan,IN,51.06,69,91,2.91,27.5167,88.5333,1643565044
qaanaaq,GL,-7.49,71,100,11.43,77.484,-69.3632,1643565047
alcaniz,ES,52.43,43,0,3.65,41.05,-0.1333,1643565048
pisco,PE,74.01,73,0,10.36,-13.7,-76.2167,1643565049
baijiantan,CN,4.95,94,94,2.04,45.6333,85.1833,1643564799
kysyl-syr,RU,-24.36,100,99,3.67,63.8986,122.7617,1643565052
contai,IN,65.26,51,0,4.27,21.7786,87.7536,1643565053
avera,US,54.45,32,0,16.02,33.194,-82.5271,1643565054
cherskiy,RU,-24.0,97,88,4.74,68.75,161.3,1643565056
byron bay,AU,72.72,89,89,7.09,-28.65,153.6167,1643565057
champerico,GT,91.35,60,5,7.54,14.3,-91.9167,1643565058
ancud,CL,65.43,56,39,11.43,-41.8697,-73.8203,1643565060
mahebourg,MU,80.89,78,75,14.97,-20.4081,57.7,1643565061
san patricio,US,69.89,48,0,11.45,28.017,-97.5169,1643565062
tura,IN,52.97,57,7,3.36,25.5198,90.2201,1643565064
genc,TR,25.79,96,100,2.95,38.7507,40.5603,1643565066
elk city,US,55.62,21,0,0.0,35.412,-99.4043,1643564904
klaksvik,FO,34.72,82,100,15.93,62.2266,-6.589,1643565068
najran,SA,66.85,25,9,3.91,17.4924,44.1277,1643564989
tiruvallur,IN,78.62,86,49,3.6,13.15,79.9167,1643565071
sawakin,SD,71.15,64,26,10.0,19.1059,37.3321,1643565072
nabire,ID,74.57,88,98,1.86,-3.3667,135.4833,1643565074
tuktoyaktuk,CA,-2.2,78,100,18.41,69.4541,-133.0374,1643565075
orleans,US,65.1,47,0,13.8,30.0335,-89.9501,1643565076
gwembe,ZM,63.54,98,100,2.95,-16.4975,27.6069,1643565078
caravelas,BR,86.79,62,77,12.48,-17.7125,-39.2481,1643565079
harper,LR,82.47,75,70,9.42,4.375,-7.7169,1643565080
pangai,TO,80.26,77,100,5.79,-19.8,-174.35,1643565082
san francisco,US,58.51,85,20,1.01,37.7749,-122.4194,1643564525
laguna,US,59.09,73,0,1.99,38.421,-121.4238,1643565084
berlevag,NO,32.0,78,97,21.39,70.8578,29.0864,1643565085
halifax,CA,26.01,68,96,13.0,44.6453,-63.5724,1643564936
boyuibe,BO,87.71,26,5,7.25,-20.4167,-63.2833,1643565088
georgetown,MY,82.89,90,20,0.0,5.4112,100.3354,1643565089
trinidad,BO,85.98,70,75,5.75,-14.8333,-64.9,1643565091
villa carlos paz,AR,88.05,10,0,3.0,-31.4241,-64.4978,1643564842
mujiayingzi,CN,18.77,62,92,0.49,42.1167,118.7833,1643565093
merke,KZ,30.6,64,16,3.2,42.8728,73.1786,1643565094
poum,NC,79.7,79,99,7.94,-20.2333,164.0167,1643565096
zaranj,AF,53.56,41,4,7.61,30.9667,61.8833,1643565097
sitka,US,35.49,80,100,11.5,57.0531,-135.33,1643565098
port keats,AU,80.85,80,58,21.09,-14.25,129.55,1643565100
pathein,MM,65.68,75,25,8.3,16.7833,94.7333,1643565101
port lincoln,AU,66.16,84,1,10.69,-34.7333,135.8667,1643565102
hornepayne,CA,2.37,83,100,5.08,49.2138,-84.7705,1643565104
alofi,NU,73.29,94,95,2.3,-19.0595,-169.9187,1643565105
vestmannaeyjar,IS,29.39,64,40,34.52,63.4427,-20.2734,1643565106
ostrovnoy,RU,2.64,97,91,8.1,68.0531,39.5131,1643565108
abha,SA,55.65,72,0,3.44,18.2164,42.5053,1643565109
mazyr,BY,32.34,93,99,10.22,52.0495,29.2456,1643565110
coquimbo,CL,69.53,60,0,14.97,-29.9533,-71.3436,1643565112
sucre,BO,66.85,50,82,8.5,-19.0333,-65.2627,1643565113
margate,GB,43.7,76,93,4.0,51.3813,1.3862,1643565114
rapid valley,US,54.63,20,0,5.01,44.0625,-103.1463,1643565116
nizwa,OM,71.47,33,0,0.27,22.9333,57.5333,1643565063
ponta do sol,PT,68.0,39,0,7.63,32.6667,-17.1,1643565118
khani,GE,31.57,87,98,4.29,41.9563,42.9566,1643565119
saint george,US,50.47,31,15,1.99,37.1041,-113.5841,1643565061
cap malheureux,MU,81.09,73,40,3.0,-19.9842,57.6142,1643564833
nikolskoye,RU,30.7,96,100,7.47,59.7035,30.7861,1643565123
mahibadhoo,MV,82.42,74,100,12.93,3.7833,72.9667,1643565124
grand-santi,GF,85.78,57,87,4.27,4.25,-54.3833,1643565126
vao,NC,79.18,87,99,10.36,-22.6667,167.4833,1643565127
bauchi,NG,71.62,15,97,6.6,10.5,10.0,1643565128
tual,ID,83.66,75,100,17.67,-5.6667,132.75,1643565130
victoria,HK,60.33,75,52,1.99,22.2855,114.1577,1643565051
bam,IR,50.99,29,0,0.63,29.106,58.357,1643565132
port elizabeth,ZA,76.1,83,20,18.41,-33.918,25.5701,1643565006
yar-sale,RU,-1.68,96,100,7.92,66.8333,70.8333,1643565134
petropavlovsk-kamchatskiy,RU,12.79,92,0,8.95,53.0452,158.6483,1643565136
pontianak,ID,75.18,100,100,0.0,-0.0333,109.3333,1643565137
tuatapere,NZ,58.82,95,49,2.48,-46.1333,167.6833,1643565140
kodinsk,RU,-10.03,100,96,0.94,58.6881,99.1844,1643565141
ozernovskiy,RU,23.56,94,100,3.51,51.5,156.5167,1643565142
tucurui,BR,80.56,75,100,1.95,-3.7661,-49.6725,1643565144
santiago del estero,AR,95.13,22,0,5.53,-27.7951,-64.2615,1643565145
otjiwarongo,NA,67.6,82,100,13.47,-20.4637,16.6477,1643565146
korla,CN,23.4,59,39,2.28,41.7597,86.1469,1643565148
taoudenni,ML,79.9,13,91,14.36,22.6783,-3.9836,1643565149
oussouye,SN,96.98,46,75,16.04,12.485,-16.5469,1643565150
sarkikaraagac,TR,32.72,97,95,3.02,38.0794,31.3664,1643565152
camana,PE,74.1,64,50,9.24,-16.6228,-72.7111,1643565153
norwich,GB,43.21,72,0,3.0,52.6278,1.2983,1643565154
griffith,US,31.03,69,0,1.01,41.5284,-87.4237,1643564988
bouar,CF,73.17,19,91,6.11,5.934,15.596,1643565157
atambua,ID,74.5,89,99,5.06,-9.1061,124.8925,1643565158
fjerritslev,DK,38.93,67,87,12.41,57.0813,9.2664,1643565159
the valley,AI,84.06,69,20,13.8,18.217,-63.0578,1643565161
kansanshi,ZM,63.25,96,100,2.01,-12.0951,26.4273,1643565162
sao filipe,CV,71.82,70,100,15.59,14.8961,-24.4956,1643565086
haines junction,CA,10.35,61,98,12.66,60.7522,-137.5108,1643565164
ossora,RU,32.13,86,100,21.52,59.2353,163.0719,1643565166
mehamn,NO,32.18,64,75,23.02,71.0357,27.8492,1643565167
la orilla,MX,82.89,51,3,7.07,17.9833,-102.2333,1643565168
egvekinot,RU,0.14,62,52,8.01,66.3167,-179.1667,1643565172
komsomolskiy,UZ,33.22,86,100,4.61,40.4272,71.7189,1643565173
pompeu,BR,77.61,74,81,2.1,-19.2244,-44.9353,1643565175
newport,GB,48.07,85,93,15.95,51.5877,-2.9984,1643565176
castanos,MX,58.35,42,1,2.48,26.7833,-101.4167,1643565177
carmo do rio claro,BR,75.02,80,98,5.01,-20.9719,-46.1189,1643565179
leh,IN,10.15,84,100,1.72,34.1667,77.5833,1643564987
labuhan,ID,77.83,88,100,5.59,-6.8844,112.2051,1643565181
volcan,PA,77.11,40,21,2.08,8.7667,-82.6333,1643565182
bonfim,BR,96.98,28,52,8.9,3.0833,-59.95,1643565184
cururupu,BR,79.65,83,96,6.38,-1.8283,-44.8683,1643565185
khor,RU,-30.1,100,44,1.19,47.8861,134.9464,1643565188
makakilo city,US,73.29,73,20,0.0,21.3469,-158.0858,1643565189
airai,TL,61.36,94,96,3.67,-8.9266,125.4092,1643565190
ust-omchug,RU,-15.03,99,99,6.29,61.15,149.6333,1643565192
rocha,UY,82.81,42,6,9.57,-34.4833,-54.3333,1643565194
torbay,CA,47.75,89,100,26.46,47.6666,-52.7314,1643565197
setubal,PT,60.85,49,70,5.55,38.5244,-8.8882,1643565198
santa isabel do rio negro,BR,87.58,57,100,5.1,-0.4139,-65.0192,1643565199
abbeville,FR,43.29,89,17,6.17,50.1,1.8333,1643565201
camarillo,US,70.88,24,0,3.0,34.2164,-119.0376,1643565029
takoradi,GH,81.36,75,93,8.34,4.8845,-1.7554,1643565203
pasighat,IN,53.94,62,69,3.11,28.0667,95.3333,1643565204
bambous virieux,MU,80.85,78,75,14.97,-20.3428,57.7575,1643565206
cidreira,BR,76.84,57,7,16.49,-30.1811,-50.2056,1643564977
college,US,-25.35,69,0,0.0,64.8569,-147.8028,1643565208
kashi,CN,27.61,36,96,8.95,39.4547,75.9797,1643565210
brae,GB,40.91,73,100,17.69,60.3964,-1.353,1643565211
isangel,VU,77.41,94,100,9.8,-19.55,169.2667,1643565213
malaba,KE,74.08,61,94,4.05,0.6346,34.2756,1643565214
hortolandia,BR,72.79,97,100,2.3,-22.8583,-47.22,1643565206
limoges,FR,45.16,87,100,4.61,45.75,1.3333,1643565217
sabla,NG,78.22,11,62,11.12,12.7525,4.7077,1643565218
meulaboh,ID,78.15,81,84,3.29,4.1363,96.1285,1643565220
portland,US,45.1,77,75,5.01,45.5234,-122.6762,1643564484
taxco,MX,71.83,35,0,3.58,18.55,-99.6,1643565223
cockburn town,TC,78.76,65,40,17.27,21.4612,-71.1419,1643565224
pevek,RU,-11.34,95,100,3.36,69.7008,170.3133,1643565226
illela,NG,77.32,11,2,12.3,13.7292,5.2975,1643565227
shache,CN,24.71,43,48,1.61,38.4167,77.2406,1643565228
kamenka,RU,24.75,93,100,13.06,51.3223,42.7678,1643565230
teguldet,RU,-5.33,99,83,3.31,57.3064,88.1667,1643565231
basco,PH,70.84,77,83,34.16,20.4487,121.9702,1643565232
clyde river,CA,-14.57,64,75,6.91,70.4692,-68.5914,1643565234
sabang,ID,81.81,72,29,6.98,5.8933,95.3214,1643564979
clarence town,AU,72.86,85,84,0.83,-32.5833,151.7833,1643565236
vila franca do campo,PT,60.19,79,80,14.54,37.7167,-25.4333,1643565237
prince rupert,CA,37.09,100,100,4.61,54.3161,-130.3201,1643565239
wanning,CN,68.97,90,99,10.56,18.8003,110.3967,1643565240
veraval,IN,68.04,63,0,10.33,20.9,70.3667,1643565242
colchester,GB,45.03,70,82,10.49,51.8892,0.9042,1643565243
faanui,PF,79.77,73,68,6.87,-16.4833,-151.75,1643565244
kaitangata,NZ,53.55,96,50,2.42,-46.2817,169.8464,1643565246
la macarena,CO,93.76,30,61,9.4,2.1837,-73.7849,1643565247
yanam,IN,66.7,95,3,1.14,16.7333,82.2167,1643565248
choya,RU,3.43,98,58,4.0,52.0108,86.5467,1643565250
houma,US,64.99,50,0,8.01,29.5958,-90.7195,1643565091
luau,AO,66.04,94,97,3.36,-10.7073,22.2247,1643565252
urdoma,RU,1.71,99,70,4.25,61.7533,48.5442,1643565253
luderitz,NA,69.71,75,68,10.63,-26.6481,15.1594,1643565255
ixtapa,MX,78.03,50,0,2.3,20.7,-105.2,1643565256
pitimbu,BR,88.39,64,96,12.17,-7.4706,-34.8086,1643565257
general roca,AR,79.2,19,55,28.74,-39.0333,-67.5833,1643565259
ust-kuyga,RU,-31.77,99,98,5.95,70.0167,135.6,1643565260
miles city,US,43.52,62,98,10.89,46.4083,-105.8406,1643565262
rostovka,RU,10.99,96,100,6.44,55.3842,71.8891,1643565264
havelock,US,40.98,30,0,8.99,34.8791,-76.9013,1643565265
hambantota,LK,77.38,87,16,11.74,6.1241,81.1185,1643565091
leshukonskoye,RU,10.49,95,100,6.35,64.8989,45.7622,1643565269
panjab,AF,18.77,97,99,2.68,34.388,67.0233,1643565270
kuching,MY,77.22,94,20,2.3,1.55,110.3333,1643565082
bambanglipuro,ID,63.61,89,100,4.03,-7.95,110.2833,1643565272
padang,ID,75.25,92,100,3.49,-0.9492,100.3543,1643565274
vanimo,PG,77.09,87,99,9.84,-2.6741,141.3028,1643565275
waingapu,ID,79.61,78,100,11.03,-9.6567,120.2641,1643565276
pyu,MM,59.61,62,2,3.98,18.4833,96.4333,1643565278
ishigaki,JP,63.77,61,97,27.92,24.3448,124.1572,1643565280
puro,PH,78.51,79,73,3.27,12.4841,123.3827,1643565281
quthing,LS,73.89,39,79,6.82,-30.4,27.7003,1643565284
grimshaw,CA,13.01,79,75,14.97,56.1834,-117.6027,1643565285
tasiilaq,GL,2.53,35,6,31.97,65.6145,-37.6368,1643565287
verkhnyaya inta,RU,2.52,89,100,6.11,65.9811,60.3094,1643565288
buraydah,SA,63.05,34,38,16.17,26.326,43.975,1643565117
ketchikan,US,35.58,93,75,3.44,55.3422,-131.6461,1643565011
binzhou,CN,35.94,69,42,15.68,37.3667,118.0167,1643565292
sur,OM,72.28,67,2,1.3,22.5667,59.5289,1643565008
killarney,IE,45.86,84,91,16.73,52.05,-9.5167,1643565125
praia,CV,70.34,68,100,26.46,14.9215,-23.5087,1643565295
kutulik,RU,-14.19,100,85,3.13,53.3508,102.7839,1643565296
ribeira grande,PT,57.6,77,40,19.57,38.5167,-28.7,1643565298
ankara,TR,24.35,97,89,1.59,39.9199,32.8543,1643565291
agaro,ET,68.54,36,72,3.11,7.85,36.65,1643565301
lorengau,PG,79.23,82,100,10.45,-2.0226,147.2712,1643565303
mayo,US,31.89,44,75,3.0,38.8876,-76.5119,1643565241
esso,RU,13.42,94,100,3.98,55.9333,158.7,1643565305
evensk,RU,18.41,83,100,25.97,61.95,159.2333,1643565306
walvis bay,NA,67.15,88,41,11.5,-22.9575,14.5053,1643565308
conceicao do araguaia,BR,81.61,73,98,6.89,-8.2578,-49.2647,1643565309
marsh harbour,BS,62.42,59,99,12.03,26.5412,-77.0636,1643565310
marawi,PH,67.64,92,60,1.41,7.9986,124.2928,1643565312
provideniya,RU,5.32,80,1,7.87,64.3833,-173.3,1643565313
san vicente,AR,85.96,36,40,3.24,-26.6167,-54.1333,1643565314
inzer,RU,17.92,97,98,3.29,54.2167,57.5556,1643565316
ridgetown,CA,21.67,79,98,2.19,42.4334,-81.8998,1643565317
nhulunbuy,AU,79.41,94,100,11.5,-12.2333,136.7667,1643565319
tromso,NO,21.22,79,0,9.22,69.6496,18.957,1643565175
sobolevo,RU,31.57,94,100,8.86,54.4299,31.8996,1643565152
gandajika,CD,69.51,90,95,1.72,-6.75,23.95,1643565324
timra,SE,31.68,84,38,11.5,62.487,17.3257,1643565163
la plaine,DM,84.49,54,40,4.61,15.3333,-61.25,1643565326
quatre cocos,MU,80.71,84,55,17.96,-20.2078,57.7625,1643565328
manga,BF,85.41,8,19,9.62,11.6636,-1.0731,1643565330
belyy yar,RU,-19.14,80,100,0.0,53.6039,91.3903,1643565332
sainte-suzanne,RE,80.82,84,75,14.97,-20.9061,55.6089,1643565083
elizabeth city,US,35.06,46,4,8.37,36.2946,-76.2511,1643565334
nisia floresta,BR,88.61,59,63,14.09,-6.0911,-35.2086,1643565336
venice,US,56.98,26,0,8.05,27.0998,-82.4543,1643565211
zaysan,KZ,6.26,88,100,1.25,47.4667,84.8667,1643565339
morehead,US,45.14,46,0,5.01,37.2711,-87.1764,1643565341
awjilah,LY,55.78,57,85,17.13,29.1081,21.2869,1643565343
kuznechnoye,RU,28.0,95,100,10.07,61.12,29.8686,1643565344
krasnovishersk,RU,3.9,98,98,2.73,60.4078,57.082,1643565345
havre-saint-pierre,CA,10.99,85,100,18.41,50.2334,-63.5986,1643565347
zhuhai,CN,60.06,72,40,16.11,22.2769,113.5678,1643565348
wattegama,LK,72.93,96,11,4.07,6.7989,81.4808,1643565349
iskateley,RU,12.31,92,100,13.62,67.6803,53.1512,1643565351
springbok,ZA,81.23,35,62,8.1,-29.6643,17.8865,1643565352
gravdal,NO,33.69,80,75,18.41,68.1214,13.5031,1643565353
ilam,NP,46.87,76,63,3.87,26.9167,87.9167,1643565354
boende,CD,82.35,26,99,1.19,-0.2167,20.8667,1643565356
tiznit,MA,66.52,20,82,19.82,29.5833,-9.5,1643565357
guanare,VE,95.07,25,83,6.46,9.0418,-69.7421,1643565081
vilyuysk,RU,-24.14,100,67,4.65,63.7553,121.6247,1643565360
fairbanks,US,-26.01,69,0,0.0,64.8378,-147.7164,1643565302
lumsden,CA,29.37,87,25,5.46,50.6501,-104.8678,1643565362
viedma,AR,61.09,48,65,17.56,-40.8135,-62.9967,1643565363
partizanskoye,RU,-10.32,99,49,3.67,55.5006,94.39,1643565365
arkhangelskoye,RU,23.59,96,100,9.15,55.8549,35.3287,1643565366
vila,PT,47.28,65,0,3.33,42.0304,-8.1588,1643565367
centralia,US,46.4,72,100,6.91,46.7162,-122.9543,1643565370
tagusao,PH,79.23,82,9,4.23,9.1924,117.8141,1643565371
daru,PG,75.81,89,100,7.45,-9.0763,143.2092,1643565372
balabagan,PH,76.8,84,76,4.21,7.5264,124.1142,1643565374
maniitsoq,GL,13.78,80,100,9.42,65.4167,-52.9,1643565375
kropotkin,RU,33.82,96,95,7.18,45.4375,40.5756,1643565376
lima,PE,75.9,76,40,3.0,-12.0432,-77.0282,1643565353
poro,PH,78.66,77,57,3.49,10.6292,124.4087,1643565379
ipil,PH,74.03,91,55,5.1,7.75,122.5167,1643565380
bosaso,SO,75.34,67,44,5.57,11.2842,49.1816,1643565381
benguela,AO,77.99,79,100,6.17,-12.5763,13.4055,1643565302
mtwara,TZ,77.2,84,50,3.65,-10.2667,40.1833,1643565385
jalu,LY,56.17,55,87,17.43,29.0331,21.5482,1643565386
sorland,NO,33.87,50,100,17.69,67.667,12.6934,1643565388
macherla,IN,70.34,33,2,1.19,16.4833,79.4333,1643565389
severo-kurilsk,RU,26.37,92,100,14.63,50.6789,156.125,1643565390
phalodi,IN,66.43,25,0,6.76,27.1333,72.3667,1643565392
adrar,MR,82.49,10,100,10.87,20.5022,-10.0711,1643565393
sosnovo-ozerskoye,RU,-26.07,100,76,3.06,52.5249,111.5418,1643565394
mount pleasant,US,51.01,33,0,1.01,32.7941,-79.8626,1643565396
ondjiva,AO,68.32,65,100,4.65,-17.0667,15.7333,1643565397
sao joao da barra,BR,91.49,73,61,8.5,-21.6403,-41.0511,1643565398
cabatuan,PH,74.98,92,80,3.11,10.8794,122.486,1643565400
grand gaube,MU,81.0,73,44,1.01,-20.0064,57.6608,1643565401
athens,GR,49.17,66,20,1.99,37.9795,23.7162,1643565160
lata,PT,55.04,49,88,2.21,40.1629,-8.3327,1643565404
cortez,US,54.7,37,77,4.34,37.3489,-108.5859,1643565406
waipawa,NZ,57.83,84,94,3.67,-41.4122,175.5153,1643565366
las palmas,ES,63.39,45,20,5.75,28.4204,-14.0131,1643565408
bemidji,US,14.14,80,0,0.0,47.4736,-94.8803,1643565078
hamilton,US,38.08,56,56,1.99,39.1834,-84.5333,1643565354
ilulissat,GL,2.03,84,100,6.67,69.2167,-51.1,1643565414
christchurch,NZ,63.0,84,58,1.01,-43.5333,172.6333,1643565238
dong xoai,VN,72.57,83,39,2.75,11.5333,106.9167,1643565416
bilma,NE,64.58,15,1,13.65,18.6853,12.9164,1643565418
la asuncion,VE,79.75,69,51,11.45,11.0333,-63.8628,1643565419
zhigansk,RU,-33.05,100,97,2.42,66.7697,123.3711,1643565421
galesong,ID,77.02,77,100,6.91,-5.3166,119.3661,1643565423
miraflores,MX,65.05,29,0,5.39,19.2167,-98.8083,1643565424
porto novo,BJ,87.62,54,79,6.6,6.4965,2.6036,1643565425
son la,VN,52.66,89,76,3.85,21.3167,103.9,1643565427
zyryanka,RU,-17.45,97,100,10.18,65.75,150.85,1643565429
bonthe,SL,82.92,64,24,12.55,7.5264,-12.505,1643565430
bathsheba,BB,84.81,61,20,19.57,13.2167,-59.5167,1643565351
vondrozo,MG,66.09,90,2,1.52,-22.8167,47.2833,1643565433
yelandur,IN,70.05,75,16,5.3,12.0667,77.0333,1643565434
reconquista,AR,94.78,17,0,7.87,-29.15,-59.65,1643565435
san carlos,VE,94.68,27,38,1.16,9.6612,-68.5827,1643565437
fare,PF,80.02,73,39,8.88,-16.7,-151.0167,1643565438
tumbagaan,PH,79.47,77,17,6.76,5.3656,120.3139,1643565439
huangchuan,CN,36.93,78,99,4.76,32.1272,115.0394,1643565441
sembakung,ID,71.6,99,75,0.45,3.8167,117.25,1643565442
tatarskaya pishlya,RU,21.24,96,90,8.23,54.0608,44.8998,1643565443
touros,BR,88.7,66,33,15.41,-5.1989,-35.4608,1643565445
zheleznodorozhnyy,RU,26.82,95,100,11.72,55.7503,38.0042,1643565446
banjarmasin,ID,78.94,89,100,2.06,-3.3244,114.591,1643565447
nara,JP,40.28,67,96,2.53,34.6851,135.8049,1643565449
dunedin,NZ,54.81,90,32,4.59,-45.8742,170.5036,1643565290
corn island,NI,80.11,67,28,15.41,12.1694,-83.0418,1643565451
xam nua,LA,52.83,97,99,2.93,20.4197,104.0439,1643565452
ngunguru,NZ,62.17,77,99,13.6,-35.6167,174.5,1643565454
ust-nera,RU,-16.69,99,100,0.98,64.5667,143.2,1643565370
baturyn,UA,32.92,95,99,13.67,51.3457,32.8779,1643565457
mananara,MG,75.72,90,93,5.41,-16.1667,49.7667,1643565458
dauin,PH,76.93,89,77,2.51,9.1914,123.2654,1643565460
tokur,RU,-21.17,100,84,2.44,53.1333,132.9,1643565461
okhotsk,RU,15.28,74,100,19.46,59.3833,143.3,1643565398
pyay,MM,60.48,61,2,2.13,18.8167,95.2167,1643565464
alta floresta,BR,80.42,78,100,9.22,-9.8756,-56.0861,1643565303
sangar,RU,-34.73,99,25,2.15,63.9242,127.4739,1643565466
bloemfontein,ZA,65.68,77,75,4.61,-29.1211,26.214,1643565467
maragogi,BR,82.72,71,79,10.04,-9.0122,-35.2225,1643565469
magway,MM,60.87,57,0,3.2,20.15,94.9167,1643565470
zhangye,CN,17.51,44,78,3.36,38.9342,100.4517,1643565471
werota,ET,70.99,47,77,11.92,11.9167,37.7,1643565473
peniche,PT,60.28,58,72,7.11,39.3558,-9.3811,1643565474
poronaysk,RU,1.24,94,100,6.11,49.2167,143.1167,1643565475
dergachi,RU,26.89,95,100,9.6,51.2328,48.7659,1643565477
nizhniy baskunchak,RU,27.07,91,85,10.51,48.2198,46.8311,1643565478
shimoda,JP,38.1,64,99,12.26,34.6667,138.95,1643565205
linxia,CN,8.11,85,37,3.76,35.6003,103.2064,1643565480
valparaiso,CL,70.03,64,0,9.22,-33.0393,-71.6273,1643565467
zlitan,LY,57.04,63,20,16.93,32.4674,14.5687,1643565483
tambopata,PE,75.09,94,100,2.3,-12.7333,-69.1833,1643565484
belle fourche,US,55.11,16,68,14.7,44.6714,-103.8522,1643565488
srednekolymsk,RU,-22.88,99,100,4.79,67.45,153.6833,1643565489
gisborne,NZ,60.48,87,23,2.86,-38.6533,178.0042,1643565490
jijiga,ET,61.84,46,46,9.78,9.35,42.8,1643565492
quzhou,CN,34.34,95,12,4.14,28.9594,118.8686,1643565493
coihaique,CL,57.81,47,40,8.05,-45.5752,-72.0662,1643565248
francavilla al mare,IT,49.98,64,16,3.0,42.4206,14.287,1643565495
mareeba,AU,72.45,93,72,1.88,-17.0,145.4333,1643565497
malanje,AO,65.35,96,99,4.38,-9.5402,16.341,1643565471
ponta delgada,PT,60.49,72,40,19.57,37.7333,-25.6667,1643565402
purpe,RU,1.4,97,100,7.81,64.4803,76.6897,1643565500
hinatuan,PH,75.02,92,42,3.02,8.3722,126.3342,1643565504
usinsk,RU,1.87,99,99,6.78,65.9939,57.5281,1643565505
payson,US,47.03,53,0,3.04,40.0444,-111.7321,1643565496
narsaq,GL,9.12,63,100,8.3,60.9167,-46.05,1643565487
grafton,US,21.76,47,23,4.0,42.207,-71.6856,1643565508
roudnice,CZ,40.93,58,0,19.57,50.1762,15.6517,1643565510
wau,SS,77.67,18,90,4.94,7.7029,27.9953,1643565487
togur,RU,6.67,92,100,7.9,58.3631,82.8265,1643565512
vostok,RU,-21.5,99,71,3.8,46.4856,135.8833,1643565514
dunmore east,IE,50.32,77,75,12.66,52.1514,-6.9861,1643565515
la palma,US,70.5,43,0,3.0,33.8464,-118.0467,1643565284
svetlogorsk,BY,31.59,95,100,10.33,52.6333,29.7333,1643565517
catuday,PH,76.32,78,12,15.73,16.2923,119.8062,1643565519
san policarpo,PH,77.77,84,23,1.43,12.1791,125.5072,1643565520
denpasar,ID,82.06,83,40,4.61,-8.65,115.2167,1643565521
mercedes,AR,88.86,26,0,8.48,-34.6515,-59.4307,1643565523
talwandi bhai,IN,50.05,51,1,1.92,30.85,74.9333,1643565524
remedios,CU,68.22,48,12,12.95,22.4947,-79.5458,1643565525
qaqortoq,GL,9.79,65,100,8.68,60.7167,-46.0333,1643565527
coahuayana,MX,88.43,28,0,5.75,18.7333,-103.6833,1643565528
ensenada,MX,59.95,44,0,3.78,31.8667,-116.6167,1643565529
bekhtery,UA,33.01,83,100,13.13,46.251,32.2927,1643565531
neuquen,AR,78.69,25,20,12.66,-38.9516,-68.0591,1643565532
acapulco,MX,83.98,59,1,6.69,16.8634,-99.8901,1643565533
sibiti,CG,70.59,96,98,2.98,-3.6819,13.3499,1643565537
mildura,AU,73.36,43,0,6.91,-34.2,142.15,1643565445
saint-paul,RE,80.71,78,54,2.71,-21.0096,55.2707,1643565539
ntchisi,MW,60.04,94,38,1.23,-13.5278,33.9149,1643565541
la ronge,CA,12.45,85,100,11.5,55.1001,-105.2842,1643565543
canon city,US,52.03,16,0,1.01,38.441,-105.2424,1643565545
luganville,VU,76.26,94,100,4.85,-15.5333,167.1667,1643565546
avondale,US,69.82,23,0,3.0,33.4356,-112.3496,1643565513
puerto madryn,AR,68.34,22,99,26.13,-42.7692,-65.0385,1643565550
ambulu,ID,76.82,90,100,2.59,-8.345,113.6058,1643565551
mandera,KE,86.02,21,97,9.84,3.9366,41.867,1643565553
antofagasta,CL,71.22,62,19,10.56,-23.65,-70.4,1643565554
cleethorpes,GB,44.98,76,96,16.35,53.5605,-0.0323,1643565555
ravar,IR,46.47,34,16,3.83,31.2656,56.8055,1643565557
maldonado,UY,84.22,42,2,11.01,-34.6667,-54.9167,1643565558
consuegra,ES,54.03,26,0,4.32,39.4625,-3.608,1643565559
jumla,NP,36.36,53,0,4.97,29.2747,82.1838,1643565561
codo,BR,81.66,83,86,3.85,-4.4553,-43.8856,1643565562
kainantu,PG,60.03,98,100,2.51,-6.2887,145.8655,1643565563
erenhot,CN,6.39,89,100,16.44,43.6475,111.9767,1643565565
tocache,PE,77.41,90,100,0.87,-8.1842,-76.5125,1643565566
bintulu,MY,75.61,100,40,1.99,3.1667,113.0333,1643565567
hovd,MN,-12.84,81,19,2.17,48.0056,91.6419,1643565569
estelle,US,66.0,45,0,10.36,29.8458,-90.1067,1643565570
kerema,PG,75.85,84,100,1.12,-7.9631,145.7785,1643565571
mashhad,IR,37.54,75,0,4.61,36.297,59.6062,1643565573
razole,IN,67.62,92,3,1.25,16.4833,81.8333,1643565574
beisfjord,NO,10.45,92,49,7.78,68.3751,17.5988,1643565575
tomatlan,MX,86.16,35,2,6.22,19.9333,-105.25,1643565577
saint-joseph,RE,79.18,78,49,12.08,-21.3667,55.6167,1643565578
mountain home,US,21.42,66,57,5.32,43.133,-115.6912,1643565579
alzamay,RU,-0.49,99,100,1.63,55.5562,98.6644,1643565581
olinda,BR,85.73,70,40,11.5,-8.0089,-34.8553,1643565582
gejiu,CN,39.58,96,72,4.63,23.306,103.1635,1643565583
